"X","Y","kode_provinsi","nama_provinsi","kode_kabupaten_kota","nama_kabupaten_kota","2019","2020","2021","2022","2023","2024"
"-5390976230732380","10524858853793900","18","Lampung","1871","Bandar Lampung","73.49","71.62","74.17","73.41","83.37","84.64"
"-5004242161044750","10412637491627200","18","Lampung","1801","Lampung Barat","74.62","70.8","70.8","74.34","75.39","76.18"
"-5426437194355160","10544241567404800","18","Lampung","1803","Lampung Selatan","78.99","79.23","79.66","81.81","85.46","84.64"
"-4769921925353690","10531688956014400","18","Lampung","1805","Lampung Tengah","78.88","79.83","80.16","81.07","84.55","84.93"
"-51313853924820096","1055899065468980","18","Lampung","1804","Lampung Timur","77.38","79.5","81.2","82.78","83.55","85.22"
"-4752259398956000","10476339185008600","18","Lampung","1806","Lampung Utara","71.35","71.51","73","75","74.94","76.82"
"-3965151739124410","10535639247767900","18","Lampung","1811","Mesuji","81.78","83.66","85.6","85.62","86.21","88.18"
"-5114073465718250","10531152981716700","18","Lampung","1872","Metro","78","76.75","76.74","73.35","83.66","85.78"
"-5450576418726900","10507807318450800","18","Lampung","1809","Pesawaran","76.74","80.15","78.96","77.86","77.89","80.85"
"-5266712386590350","10410285785459700","18","Lampung","1813","Pesisir Barat","71.98","72.93","71.6","71.71","76.32","75.77"
"-5292207590453950","10491030090223600","18","Lampung","1810","Pringsewu","83.13","83.79","84.05","84.14","87.38","87.35"
"-5279411585963540","10460159346891400","18","Lampung","1802","Tanggamus","76.55","74.67","75.34","73.6","74.19","76.4"
"-43115604055116200","10546049090951900","18","Lampung","1808","Tulang Bawang","82.29","82.83","84.58","86.25","87.51","88.78"
"-4312310981463660","1051018825099890","18","Lampung","1812","Tulang Bawang Barat","79.28","77.58","78.58","79.84","83.59","83.74"
"-4380197891710480","10451943993036300","18","Lampung","1807","Way Kanan","72.37","73.34","74.96","78.34","79.31","79.61"
