"tipe","tahun_target","metode","n_ramalan","n_tahun_uji","MAE_poin","RMSE_poin","status"
"Kabupaten",2022,"drift",0,0,,,"tidak_diestimasi"
"Kabupaten",2022,"naive",0,0,,,"tidak_diestimasi"
"Kabupaten",2023,"drift",0,0,,,"tidak_diestimasi"
"Kabupaten",2023,"naive",0,0,,,"tidak_diestimasi"
"Kabupaten",2024,"drift",0,0,,,"tidak_diestimasi"
"Kabupaten",2024,"naive",0,0,,,"tidak_diestimasi"
"Kota",2022,"drift",2,1,4.74166666666667,5.2420060833404,"eksploratif_bersyarat"
"Kota",2022,"naive",2,1,2.075,2.45659316941166,"eksploratif_bersyarat"
"Kota",2023,"drift",2,1,8.65375,8.65575404716424,"eksploratif_bersyarat"
"Kota",2023,"naive",2,1,10.135,10.1365107408812,"eksploratif_bersyarat"
"Kota",2024,"drift",2,1,1.517,1.52035851035208,"eksploratif_bersyarat"
"Kota",2024,"naive",2,1,1.695,1.74746959916332,"eksploratif_bersyarat"
