"kode","kabupaten","tipe","metode","n_ramalan","n_tahun_uji","MAE_poin","RMSE_poin","status"
"1801","Lampung Barat","Kabupaten","drift",0,0,,,"tidak_diestimasi"
"1801","Lampung Barat","Kabupaten","naive",0,0,,,"tidak_diestimasi"
"1802","Tanggamus","Kabupaten","drift",0,0,,,"tidak_diestimasi"
"1802","Tanggamus","Kabupaten","naive",0,0,,,"tidak_diestimasi"
"1803","Lampung Selatan","Kabupaten","drift",0,0,,,"tidak_diestimasi"
"1803","Lampung Selatan","Kabupaten","naive",0,0,,,"tidak_diestimasi"
"1804","Lampung Timur","Kabupaten","drift",0,0,,,"tidak_diestimasi"
"1804","Lampung Timur","Kabupaten","naive",0,0,,,"tidak_diestimasi"
"1805","Lampung Tengah","Kabupaten","drift",0,0,,,"tidak_diestimasi"
"1805","Lampung Tengah","Kabupaten","naive",0,0,,,"tidak_diestimasi"
"1806","Lampung Utara","Kabupaten","drift",0,0,,,"tidak_diestimasi"
"1806","Lampung Utara","Kabupaten","naive",0,0,,,"tidak_diestimasi"
"1807","Way Kanan","Kabupaten","drift",0,0,,,"tidak_diestimasi"
"1807","Way Kanan","Kabupaten","naive",0,0,,,"tidak_diestimasi"
"1808","Tulang Bawang","Kabupaten","drift",0,0,,,"tidak_diestimasi"
"1808","Tulang Bawang","Kabupaten","naive",0,0,,,"tidak_diestimasi"
"1809","Pesawaran","Kabupaten","drift",0,0,,,"tidak_diestimasi"
"1809","Pesawaran","Kabupaten","naive",0,0,,,"tidak_diestimasi"
"1810","Pringsewu","Kabupaten","drift",0,0,,,"tidak_diestimasi"
"1810","Pringsewu","Kabupaten","naive",0,0,,,"tidak_diestimasi"
"1811","Mesuji","Kabupaten","drift",0,0,,,"tidak_diestimasi"
"1811","Mesuji","Kabupaten","naive",0,0,,,"tidak_diestimasi"
"1812","Tulang Bawang Barat","Kabupaten","drift",0,0,,,"tidak_diestimasi"
"1812","Tulang Bawang Barat","Kabupaten","naive",0,0,,,"tidak_diestimasi"
"1813","Pesisir Barat","Kabupaten","drift",0,0,,,"tidak_diestimasi"
"1813","Pesisir Barat","Kabupaten","naive",0,0,,,"tidak_diestimasi"
"1871","Kota Bandar Lampung","Kota","drift",3,3,4.32155555555556,5.386616185132,"eksploratif_bersyarat"
"1871","Kota Bandar Lampung","Kota","naive",3,3,3.99666666666667,5.81355026353662,"eksploratif_bersyarat"
"1872","Kota Metro","Kota","drift",3,3,5.62005555555555,6.38690039658721,"eksploratif_bersyarat"
"1872","Kota Metro","Kota","naive",3,3,5.27333333333334,6.38442375368887,"eksploratif_bersyarat"
