"tahun","tipe","judul","url","lokasi_bukti","jumlah_indikator","bobot_urutan_indikator","urutan_indikator_kanonis","urutan_dokumen_2024","tahun_input","komponen_ketersediaan","batas_sebelum_tahun","status","normalisasi_dokumen","parameter_normalisasi_identik_terverifikasi","harmonisasi_terverifikasi","catatan","tanggal_pemeriksaan"
2018,"Kabupaten","IKP Indonesia 2018 (PDF lokal dan audit sumber tersimpan)","https://repository.pertanian.go.id/browse/title?scope=6db25a25-f282-4a1b-8271-4cc09bc4d9cb","PDF lokal hlm 7-10 (cetak 3-6); skor: audit tersimpan Tabel 4-5",9,"0.30;0.15;0.075;0.075;0.05;0.15;0.05;0.05;0.10","ketersediaan;kemiskinan;pangsa_pengeluaran;listrik;sekolah_perempuan;air_bersih;tenaga_kesehatan;stunting;harapan_hidup","ketersediaan;kemiskinan;pangsa_pengeluaran;listrik;air_bersih;harapan_hidup;sekolah_perempuan;tenaga_kesehatan;stunting","Produksi tetap 2014-2016; Susenas 2017; metodologi PDF lokal diperiksa ulang","Padi, jagung, ubi kayu, ubi jalar",FALSE,"metodologi_primer_dan_audit_skor_tersimpan","z-score dan distance to scale 0-100 (PDF lokal diperiksa ulang)",FALSE,FALSE,"Metodologi PDF lokal diperiksa ulang dengan pdfminer.six: komoditas; Susenas 2017; bobot 9/8; z-score/distance to scale. Skor 2018 memakai audit tersimpan 15/15. Vintage input berbeda tidak membuktikan kesamaan pengukuran antar-edisi.","2026-10-06"
2019,"Kabupaten","IKP Indonesia 2019 (cuplikan primer terindeks; akses PDF penuh belum berhasil)","https://badanpangan.go.id/storage/app/media/Bahan%202020/IKP%202019%20FINAL.pdf","Cuplikan primer terindeks: jumlah indikator dan rumus umum; akses penuh belum berhasil",9,,"ketersediaan;kemiskinan;pangsa_pengeluaran;listrik;sekolah_perempuan;air_bersih;tenaga_kesehatan;stunting;harapan_hidup","ketersediaan;kemiskinan;pangsa_pengeluaran;listrik;air_bersih;harapan_hidup;sekolah_perempuan;tenaga_kesehatan;stunting","Belum terverifikasi","Belum terverifikasi",FALSE,"cuplikan_primer_terindeks","z-score/distance to scale (cuplikan primer terindeks)",FALSE,FALSE,"PDF primer penuh belum dapat dibaca. Cuplikan primer terindeks mendukung 9/8 indikator dan rumus z-score/distance to scale; Metro 75.85 juga didukung RPJPD Kota Metro. Rincian lengkap bobot dan input belum diverifikasi.","2026-10-06"
2020,"Kabupaten","IKP 2020","https://badanpangan.go.id/storage/app/media/2021/ikp-2020-20210120fix.pdf","PDF hlm 7-10 (cetak 3-6)",9,"0.30;0.15;0.075;0.075;0.05;0.15;0.05;0.05;0.10","ketersediaan;kemiskinan;pangsa_pengeluaran;listrik;sekolah_perempuan;air_bersih;tenaga_kesehatan;stunting;harapan_hidup","ketersediaan;kemiskinan;pangsa_pengeluaran;listrik;air_bersih;harapan_hidup;sekolah_perempuan;tenaga_kesehatan;stunting","Produksi dan Susenas 2019; SSGBI 2019","Padi, jagung, ubi kayu, ubi jalar",FALSE,"terverifikasi_parsial","z-score dan distance to scale 0-100",FALSE,FALSE,"Jumlah indikator, bobot, dan sumber input diperiksa di publikasi primer.","2026-10-06"
2021,"Kabupaten","IKP 2021","https://repository.pertanian.go.id/server/api/core/bitstreams/0700d4be-634a-4f89-820c-dbd06fe686b5/content","PDF hlm 10-14 (cetak 3-7)",9,"0.30;0.15;0.075;0.075;0.05;0.15;0.05;0.05;0.10","ketersediaan;kemiskinan;pangsa_pengeluaran;listrik;sekolah_perempuan;air_bersih;tenaga_kesehatan;stunting;harapan_hidup","ketersediaan;kemiskinan;pangsa_pengeluaran;listrik;air_bersih;harapan_hidup;sekolah_perempuan;tenaga_kesehatan;stunting","Produksi dan Susenas 2020; sumber lain lihat publikasi","Padi, jagung, ubi kayu, ubi jalar, stok beras daerah",TRUE,"terverifikasi_parsial","z-score dan distance to scale 0-100",FALSE,FALSE,"Stok beras daerah tercantum pada komponen ketersediaan, berbeda dari dokumen 2020. Batas konservatif untuk kabupaten.","2026-10-06"
2022,"Kabupaten","IKP 2022","https://badanpangan.go.id/storage/app/media/2023/Buku%20Digital/Buku%20Indeks%20Ketahanan%20Pangan%202022%20Signed.pdf","PDF hlm 12-16 (cetak 3-7)",9,"0.30;0.15;0.075;0.075;0.05;0.15;0.05;0.05;0.10","ketersediaan;kemiskinan;pangsa_pengeluaran;listrik;sekolah_perempuan;air_bersih;tenaga_kesehatan;stunting;harapan_hidup","ketersediaan;kemiskinan;pangsa_pengeluaran;listrik;air_bersih;harapan_hidup;sekolah_perempuan;tenaga_kesehatan;stunting","Produksi dan Susenas 2021; SSGI 2021","Padi, jagung, ubi kayu, ubi jalar, sagu, stok beras daerah",TRUE,"terverifikasi_parsial","z-score dan distance to scale 0-100",FALSE,FALSE,"Sagu tercantum pada komponen ketersediaan, berbeda dari dokumen 2021. Batas konservatif untuk kabupaten.","2026-10-06"
2023,"Kabupaten","IKP 2023","https://data.badanpangan.go.id/nfs_storage/public/publication/documents/1728546912.pdf","PDF hlm 12-15 (cetak 3-6)",9,"0.30;0.15;0.075;0.075;0.05;0.15;0.05;0.05;0.10","ketersediaan;kemiskinan;pangsa_pengeluaran;listrik;sekolah_perempuan;air_bersih;tenaga_kesehatan;stunting;harapan_hidup","ketersediaan;kemiskinan;pangsa_pengeluaran;listrik;air_bersih;harapan_hidup;sekolah_perempuan;tenaga_kesehatan;stunting","Padi dan Susenas 2022; SSGI 2022; tahun komoditas lain tidak dirinci","Padi, jagung, ubi kayu, ubi jalar, sagu, stok beras daerah",FALSE,"terverifikasi_parsial","z-score dan distance to scale 0-100",FALSE,FALSE,"Komponen ketersediaan dan bobot selaras dengan dokumen 2022; harmonisasi seluruh input belum dibuktikan.","2026-10-06"
2024,"Kabupaten","FSVA Nasional 2024 (publikasi teknis primer; halaman terpilih diperiksa)","https://data.badanpangan.go.id/download/document/publication/76/1738309499.pdf/pdf","PDF hlm 36-37 dan 39-40 (cetak 32-33 dan 35-36)",9,"0.30;0.15;0.075;0.075;0.05;0.15;0.05;0.05;0.10","ketersediaan;kemiskinan;pangsa_pengeluaran;listrik;sekolah_perempuan;air_bersih;tenaga_kesehatan;stunting;harapan_hidup","ketersediaan;kemiskinan;pangsa_pengeluaran;listrik;air_bersih;harapan_hidup;sekolah_perempuan;tenaga_kesehatan;stunting","Produksi dan Susenas 2023; CPPD/bantuan CPP 2023; stunting SKI 2023","Padi, jagung, ubi kayu, ubi jalar, sagu, stok/CPPD, bantuan pangan CPP",TRUE,"terverifikasi_parsial","z-score dan distance to scale 0-100",FALSE,FALSE,"Halaman publikasi teknis primer diperiksa melalui HTTP range dan pdfminer.six: definisi, tahun input 2023, bobot 9/8 dan rumus umum z-score/distance to scale. Tabel definisi menyebut sagu; tabel bobot meringkas komoditas tanpa sagu. Parameter normalisasi identik antar-edisi/harmonisasi belum terbukti.","2026-10-06"
2018,"Kota","IKP Indonesia 2018 (PDF lokal dan audit sumber tersimpan)","https://repository.pertanian.go.id/browse/title?scope=6db25a25-f282-4a1b-8271-4cc09bc4d9cb","PDF lokal hlm 7-10 (cetak 3-6); skor: audit tersimpan Tabel 4-5",8,"0;0.20;0.125;0.125;0.08;0.18;0.08;0.08;0.13","ketersediaan;kemiskinan;pangsa_pengeluaran;listrik;sekolah_perempuan;air_bersih;tenaga_kesehatan;stunting;harapan_hidup","ketersediaan;kemiskinan;pangsa_pengeluaran;listrik;air_bersih;harapan_hidup;sekolah_perempuan;tenaga_kesehatan;stunting","Produksi tetap 2014-2016; Susenas 2017; metodologi PDF lokal diperiksa ulang","Tidak masuk indeks kota",FALSE,"metodologi_primer_dan_audit_skor_tersimpan","z-score dan distance to scale 0-100 (PDF lokal diperiksa ulang)",FALSE,FALSE,"Metodologi PDF lokal diperiksa ulang dengan pdfminer.six: komoditas; Susenas 2017; bobot 9/8; z-score/distance to scale. Skor 2018 memakai audit tersimpan 15/15. Vintage input berbeda tidak membuktikan kesamaan pengukuran antar-edisi. Perubahan komponen ketersediaan tidak langsung berlaku pada indeks kota; tidak ada batas kota yang ditetapkan dari bukti ini.","2026-10-06"
2019,"Kota","IKP Indonesia 2019 (cuplikan primer terindeks; akses PDF penuh belum berhasil)","https://badanpangan.go.id/storage/app/media/Bahan%202020/IKP%202019%20FINAL.pdf","Cuplikan primer terindeks: jumlah indikator dan rumus umum; akses penuh belum berhasil",8,,"ketersediaan;kemiskinan;pangsa_pengeluaran;listrik;sekolah_perempuan;air_bersih;tenaga_kesehatan;stunting;harapan_hidup","ketersediaan;kemiskinan;pangsa_pengeluaran;listrik;air_bersih;harapan_hidup;sekolah_perempuan;tenaga_kesehatan;stunting","Belum terverifikasi","Tidak masuk indeks kota",FALSE,"cuplikan_primer_terindeks","z-score/distance to scale (cuplikan primer terindeks)",FALSE,FALSE,"PDF primer penuh belum dapat dibaca. Cuplikan primer terindeks mendukung 9/8 indikator dan rumus z-score/distance to scale; Metro 75.85 juga didukung RPJPD Kota Metro. Rincian lengkap bobot dan input belum diverifikasi. Perubahan komponen ketersediaan tidak langsung berlaku pada indeks kota; tidak ada batas kota yang ditetapkan dari bukti ini.","2026-10-06"
2020,"Kota","IKP 2020","https://badanpangan.go.id/storage/app/media/2021/ikp-2020-20210120fix.pdf","PDF hlm 7-10 (cetak 3-6)",8,"0;0.20;0.125;0.125;0.08;0.18;0.08;0.08;0.13","ketersediaan;kemiskinan;pangsa_pengeluaran;listrik;sekolah_perempuan;air_bersih;tenaga_kesehatan;stunting;harapan_hidup","ketersediaan;kemiskinan;pangsa_pengeluaran;listrik;air_bersih;harapan_hidup;sekolah_perempuan;tenaga_kesehatan;stunting","Produksi dan Susenas 2019; SSGBI 2019","Tidak masuk indeks kota",FALSE,"terverifikasi_parsial","z-score dan distance to scale 0-100",FALSE,FALSE,"Jumlah indikator, bobot, dan sumber input diperiksa di publikasi primer. Perubahan komponen ketersediaan tidak langsung berlaku pada indeks kota; tidak ada batas kota yang ditetapkan dari bukti ini.","2026-10-06"
2021,"Kota","IKP 2021","https://repository.pertanian.go.id/server/api/core/bitstreams/0700d4be-634a-4f89-820c-dbd06fe686b5/content","PDF hlm 10-14 (cetak 3-7)",8,"0;0.20;0.125;0.125;0.08;0.18;0.08;0.08;0.13","ketersediaan;kemiskinan;pangsa_pengeluaran;listrik;sekolah_perempuan;air_bersih;tenaga_kesehatan;stunting;harapan_hidup","ketersediaan;kemiskinan;pangsa_pengeluaran;listrik;air_bersih;harapan_hidup;sekolah_perempuan;tenaga_kesehatan;stunting","Produksi dan Susenas 2020; sumber lain lihat publikasi","Tidak masuk indeks kota",FALSE,"terverifikasi_parsial","z-score dan distance to scale 0-100",FALSE,FALSE,"Stok beras daerah tercantum pada komponen ketersediaan, berbeda dari dokumen 2020. Batas konservatif untuk kabupaten. Perubahan komponen ketersediaan tidak langsung berlaku pada indeks kota; tidak ada batas kota yang ditetapkan dari bukti ini.","2026-10-06"
2022,"Kota","IKP 2022","https://badanpangan.go.id/storage/app/media/2023/Buku%20Digital/Buku%20Indeks%20Ketahanan%20Pangan%202022%20Signed.pdf","PDF hlm 12-16 (cetak 3-7)",8,"0;0.20;0.125;0.125;0.08;0.18;0.08;0.08;0.13","ketersediaan;kemiskinan;pangsa_pengeluaran;listrik;sekolah_perempuan;air_bersih;tenaga_kesehatan;stunting;harapan_hidup","ketersediaan;kemiskinan;pangsa_pengeluaran;listrik;air_bersih;harapan_hidup;sekolah_perempuan;tenaga_kesehatan;stunting","Produksi dan Susenas 2021; SSGI 2021","Tidak masuk indeks kota",FALSE,"terverifikasi_parsial","z-score dan distance to scale 0-100",FALSE,FALSE,"Sagu tercantum pada komponen ketersediaan, berbeda dari dokumen 2021. Batas konservatif untuk kabupaten. Perubahan komponen ketersediaan tidak langsung berlaku pada indeks kota; tidak ada batas kota yang ditetapkan dari bukti ini.","2026-10-06"
2023,"Kota","IKP 2023","https://data.badanpangan.go.id/nfs_storage/public/publication/documents/1728546912.pdf","PDF hlm 12-15 (cetak 3-6)",8,"0;0.20;0.125;0.125;0.08;0.18;0.08;0.08;0.13","ketersediaan;kemiskinan;pangsa_pengeluaran;listrik;sekolah_perempuan;air_bersih;tenaga_kesehatan;stunting;harapan_hidup","ketersediaan;kemiskinan;pangsa_pengeluaran;listrik;air_bersih;harapan_hidup;sekolah_perempuan;tenaga_kesehatan;stunting","Padi dan Susenas 2022; SSGI 2022; tahun komoditas lain tidak dirinci","Tidak masuk indeks kota",FALSE,"terverifikasi_parsial","z-score dan distance to scale 0-100",FALSE,FALSE,"Komponen ketersediaan dan bobot selaras dengan dokumen 2022; harmonisasi seluruh input belum dibuktikan. Perubahan komponen ketersediaan tidak langsung berlaku pada indeks kota; tidak ada batas kota yang ditetapkan dari bukti ini.","2026-10-06"
2024,"Kota","FSVA Nasional 2024 (publikasi teknis primer; halaman terpilih diperiksa)","https://data.badanpangan.go.id/download/document/publication/76/1738309499.pdf/pdf","PDF hlm 36-37 dan 39-40 (cetak 32-33 dan 35-36)",8,"0;0.20;0.125;0.125;0.08;0.18;0.08;0.08;0.13","ketersediaan;kemiskinan;pangsa_pengeluaran;listrik;sekolah_perempuan;air_bersih;tenaga_kesehatan;stunting;harapan_hidup","ketersediaan;kemiskinan;pangsa_pengeluaran;listrik;air_bersih;harapan_hidup;sekolah_perempuan;tenaga_kesehatan;stunting","Produksi dan Susenas 2023; CPPD/bantuan CPP 2023; stunting SKI 2023","Tidak masuk indeks kota",FALSE,"terverifikasi_parsial","z-score dan distance to scale 0-100",FALSE,FALSE,"Halaman publikasi teknis primer diperiksa melalui HTTP range dan pdfminer.six: definisi, tahun input 2023, bobot 9/8 dan rumus umum z-score/distance to scale. Tabel definisi menyebut sagu; tabel bobot meringkas komoditas tanpa sagu. Parameter normalisasi identik antar-edisi/harmonisasi belum terbukti. Perubahan komponen ketersediaan tidak langsung berlaku pada indeks kota; tidak ada batas kota yang ditetapkan dari bukti ini.","2026-10-06"
