"kode","kabupaten","tipe","segmen","metode","tahun_target","latihan_awal","latihan_akhir","n_latihan","aktual","ramalan","error_poin","di_luar_skala","status"
"1801","Lampung Barat","Kabupaten","Kabupaten_3","naive",2022,,,0,74.34,,,,"dikecualikan_latihan_segmen_kurang_dari_4"
"1801","Lampung Barat","Kabupaten","Kabupaten_3","drift",2022,,,0,74.34,,,,"dikecualikan_latihan_segmen_kurang_dari_4"
"1801","Lampung Barat","Kabupaten","Kabupaten_3","naive",2023,2022,2022,1,75.39,,,,"dikecualikan_latihan_segmen_kurang_dari_4"
"1801","Lampung Barat","Kabupaten","Kabupaten_3","drift",2023,2022,2022,1,75.39,,,,"dikecualikan_latihan_segmen_kurang_dari_4"
"1801","Lampung Barat","Kabupaten","Kabupaten_4","naive",2024,,,0,76.18,,,,"dikecualikan_latihan_segmen_kurang_dari_4"
"1801","Lampung Barat","Kabupaten","Kabupaten_4","drift",2024,,,0,76.18,,,,"dikecualikan_latihan_segmen_kurang_dari_4"
"1802","Tanggamus","Kabupaten","Kabupaten_3","naive",2022,,,0,73.6,,,,"dikecualikan_latihan_segmen_kurang_dari_4"
"1802","Tanggamus","Kabupaten","Kabupaten_3","drift",2022,,,0,73.6,,,,"dikecualikan_latihan_segmen_kurang_dari_4"
"1802","Tanggamus","Kabupaten","Kabupaten_3","naive",2023,2022,2022,1,74.19,,,,"dikecualikan_latihan_segmen_kurang_dari_4"
"1802","Tanggamus","Kabupaten","Kabupaten_3","drift",2023,2022,2022,1,74.19,,,,"dikecualikan_latihan_segmen_kurang_dari_4"
"1802","Tanggamus","Kabupaten","Kabupaten_4","naive",2024,,,0,76.4,,,,"dikecualikan_latihan_segmen_kurang_dari_4"
"1802","Tanggamus","Kabupaten","Kabupaten_4","drift",2024,,,0,76.4,,,,"dikecualikan_latihan_segmen_kurang_dari_4"
"1803","Lampung Selatan","Kabupaten","Kabupaten_3","naive",2022,,,0,81.81,,,,"dikecualikan_latihan_segmen_kurang_dari_4"
"1803","Lampung Selatan","Kabupaten","Kabupaten_3","drift",2022,,,0,81.81,,,,"dikecualikan_latihan_segmen_kurang_dari_4"
"1803","Lampung Selatan","Kabupaten","Kabupaten_3","naive",2023,2022,2022,1,85.46,,,,"dikecualikan_latihan_segmen_kurang_dari_4"
"1803","Lampung Selatan","Kabupaten","Kabupaten_3","drift",2023,2022,2022,1,85.46,,,,"dikecualikan_latihan_segmen_kurang_dari_4"
"1803","Lampung Selatan","Kabupaten","Kabupaten_4","naive",2024,,,0,84.46,,,,"dikecualikan_latihan_segmen_kurang_dari_4"
"1803","Lampung Selatan","Kabupaten","Kabupaten_4","drift",2024,,,0,84.46,,,,"dikecualikan_latihan_segmen_kurang_dari_4"
"1804","Lampung Timur","Kabupaten","Kabupaten_3","naive",2022,,,0,82.78,,,,"dikecualikan_latihan_segmen_kurang_dari_4"
"1804","Lampung Timur","Kabupaten","Kabupaten_3","drift",2022,,,0,82.78,,,,"dikecualikan_latihan_segmen_kurang_dari_4"
"1804","Lampung Timur","Kabupaten","Kabupaten_3","naive",2023,2022,2022,1,83.55,,,,"dikecualikan_latihan_segmen_kurang_dari_4"
"1804","Lampung Timur","Kabupaten","Kabupaten_3","drift",2023,2022,2022,1,83.55,,,,"dikecualikan_latihan_segmen_kurang_dari_4"
"1804","Lampung Timur","Kabupaten","Kabupaten_4","naive",2024,,,0,85.22,,,,"dikecualikan_latihan_segmen_kurang_dari_4"
"1804","Lampung Timur","Kabupaten","Kabupaten_4","drift",2024,,,0,85.22,,,,"dikecualikan_latihan_segmen_kurang_dari_4"
"1805","Lampung Tengah","Kabupaten","Kabupaten_3","naive",2022,,,0,81.07,,,,"dikecualikan_latihan_segmen_kurang_dari_4"
"1805","Lampung Tengah","Kabupaten","Kabupaten_3","drift",2022,,,0,81.07,,,,"dikecualikan_latihan_segmen_kurang_dari_4"
"1805","Lampung Tengah","Kabupaten","Kabupaten_3","naive",2023,2022,2022,1,84.55,,,,"dikecualikan_latihan_segmen_kurang_dari_4"
"1805","Lampung Tengah","Kabupaten","Kabupaten_3","drift",2023,2022,2022,1,84.55,,,,"dikecualikan_latihan_segmen_kurang_dari_4"
"1805","Lampung Tengah","Kabupaten","Kabupaten_4","naive",2024,,,0,84.93,,,,"dikecualikan_latihan_segmen_kurang_dari_4"
"1805","Lampung Tengah","Kabupaten","Kabupaten_4","drift",2024,,,0,84.93,,,,"dikecualikan_latihan_segmen_kurang_dari_4"
"1806","Lampung Utara","Kabupaten","Kabupaten_3","naive",2022,,,0,75,,,,"dikecualikan_latihan_segmen_kurang_dari_4"
"1806","Lampung Utara","Kabupaten","Kabupaten_3","drift",2022,,,0,75,,,,"dikecualikan_latihan_segmen_kurang_dari_4"
"1806","Lampung Utara","Kabupaten","Kabupaten_3","naive",2023,2022,2022,1,74.94,,,,"dikecualikan_latihan_segmen_kurang_dari_4"
"1806","Lampung Utara","Kabupaten","Kabupaten_3","drift",2023,2022,2022,1,74.94,,,,"dikecualikan_latihan_segmen_kurang_dari_4"
"1806","Lampung Utara","Kabupaten","Kabupaten_4","naive",2024,,,0,76.82,,,,"dikecualikan_latihan_segmen_kurang_dari_4"
"1806","Lampung Utara","Kabupaten","Kabupaten_4","drift",2024,,,0,76.82,,,,"dikecualikan_latihan_segmen_kurang_dari_4"
"1807","Way Kanan","Kabupaten","Kabupaten_3","naive",2022,,,0,78.34,,,,"dikecualikan_latihan_segmen_kurang_dari_4"
"1807","Way Kanan","Kabupaten","Kabupaten_3","drift",2022,,,0,78.34,,,,"dikecualikan_latihan_segmen_kurang_dari_4"
"1807","Way Kanan","Kabupaten","Kabupaten_3","naive",2023,2022,2022,1,79.31,,,,"dikecualikan_latihan_segmen_kurang_dari_4"
"1807","Way Kanan","Kabupaten","Kabupaten_3","drift",2023,2022,2022,1,79.31,,,,"dikecualikan_latihan_segmen_kurang_dari_4"
"1807","Way Kanan","Kabupaten","Kabupaten_4","naive",2024,,,0,79.61,,,,"dikecualikan_latihan_segmen_kurang_dari_4"
"1807","Way Kanan","Kabupaten","Kabupaten_4","drift",2024,,,0,79.61,,,,"dikecualikan_latihan_segmen_kurang_dari_4"
"1808","Tulang Bawang","Kabupaten","Kabupaten_3","naive",2022,,,0,86.25,,,,"dikecualikan_latihan_segmen_kurang_dari_4"
"1808","Tulang Bawang","Kabupaten","Kabupaten_3","drift",2022,,,0,86.25,,,,"dikecualikan_latihan_segmen_kurang_dari_4"
"1808","Tulang Bawang","Kabupaten","Kabupaten_3","naive",2023,2022,2022,1,87.51,,,,"dikecualikan_latihan_segmen_kurang_dari_4"
"1808","Tulang Bawang","Kabupaten","Kabupaten_3","drift",2023,2022,2022,1,87.51,,,,"dikecualikan_latihan_segmen_kurang_dari_4"
"1808","Tulang Bawang","Kabupaten","Kabupaten_4","naive",2024,,,0,88.78,,,,"dikecualikan_latihan_segmen_kurang_dari_4"
"1808","Tulang Bawang","Kabupaten","Kabupaten_4","drift",2024,,,0,88.78,,,,"dikecualikan_latihan_segmen_kurang_dari_4"
"1809","Pesawaran","Kabupaten","Kabupaten_3","naive",2022,,,0,77.86,,,,"dikecualikan_latihan_segmen_kurang_dari_4"
"1809","Pesawaran","Kabupaten","Kabupaten_3","drift",2022,,,0,77.86,,,,"dikecualikan_latihan_segmen_kurang_dari_4"
"1809","Pesawaran","Kabupaten","Kabupaten_3","naive",2023,2022,2022,1,77.89,,,,"dikecualikan_latihan_segmen_kurang_dari_4"
"1809","Pesawaran","Kabupaten","Kabupaten_3","drift",2023,2022,2022,1,77.89,,,,"dikecualikan_latihan_segmen_kurang_dari_4"
"1809","Pesawaran","Kabupaten","Kabupaten_4","naive",2024,,,0,80.85,,,,"dikecualikan_latihan_segmen_kurang_dari_4"
"1809","Pesawaran","Kabupaten","Kabupaten_4","drift",2024,,,0,80.85,,,,"dikecualikan_latihan_segmen_kurang_dari_4"
"1810","Pringsewu","Kabupaten","Kabupaten_3","naive",2022,,,0,84.14,,,,"dikecualikan_latihan_segmen_kurang_dari_4"
"1810","Pringsewu","Kabupaten","Kabupaten_3","drift",2022,,,0,84.14,,,,"dikecualikan_latihan_segmen_kurang_dari_4"
"1810","Pringsewu","Kabupaten","Kabupaten_3","naive",2023,2022,2022,1,87.38,,,,"dikecualikan_latihan_segmen_kurang_dari_4"
"1810","Pringsewu","Kabupaten","Kabupaten_3","drift",2023,2022,2022,1,87.38,,,,"dikecualikan_latihan_segmen_kurang_dari_4"
"1810","Pringsewu","Kabupaten","Kabupaten_4","naive",2024,,,0,87.35,,,,"dikecualikan_latihan_segmen_kurang_dari_4"
"1810","Pringsewu","Kabupaten","Kabupaten_4","drift",2024,,,0,87.35,,,,"dikecualikan_latihan_segmen_kurang_dari_4"
"1811","Mesuji","Kabupaten","Kabupaten_3","naive",2022,,,0,85.62,,,,"dikecualikan_latihan_segmen_kurang_dari_4"
"1811","Mesuji","Kabupaten","Kabupaten_3","drift",2022,,,0,85.62,,,,"dikecualikan_latihan_segmen_kurang_dari_4"
"1811","Mesuji","Kabupaten","Kabupaten_3","naive",2023,2022,2022,1,86.21,,,,"dikecualikan_latihan_segmen_kurang_dari_4"
"1811","Mesuji","Kabupaten","Kabupaten_3","drift",2023,2022,2022,1,86.21,,,,"dikecualikan_latihan_segmen_kurang_dari_4"
"1811","Mesuji","Kabupaten","Kabupaten_4","naive",2024,,,0,88.18,,,,"dikecualikan_latihan_segmen_kurang_dari_4"
"1811","Mesuji","Kabupaten","Kabupaten_4","drift",2024,,,0,88.18,,,,"dikecualikan_latihan_segmen_kurang_dari_4"
"1812","Tulang Bawang Barat","Kabupaten","Kabupaten_3","naive",2022,,,0,79.84,,,,"dikecualikan_latihan_segmen_kurang_dari_4"
"1812","Tulang Bawang Barat","Kabupaten","Kabupaten_3","drift",2022,,,0,79.84,,,,"dikecualikan_latihan_segmen_kurang_dari_4"
"1812","Tulang Bawang Barat","Kabupaten","Kabupaten_3","naive",2023,2022,2022,1,83.59,,,,"dikecualikan_latihan_segmen_kurang_dari_4"
"1812","Tulang Bawang Barat","Kabupaten","Kabupaten_3","drift",2023,2022,2022,1,83.59,,,,"dikecualikan_latihan_segmen_kurang_dari_4"
"1812","Tulang Bawang Barat","Kabupaten","Kabupaten_4","naive",2024,,,0,83.74,,,,"dikecualikan_latihan_segmen_kurang_dari_4"
"1812","Tulang Bawang Barat","Kabupaten","Kabupaten_4","drift",2024,,,0,83.74,,,,"dikecualikan_latihan_segmen_kurang_dari_4"
"1813","Pesisir Barat","Kabupaten","Kabupaten_3","naive",2022,,,0,71.71,,,,"dikecualikan_latihan_segmen_kurang_dari_4"
"1813","Pesisir Barat","Kabupaten","Kabupaten_3","drift",2022,,,0,71.71,,,,"dikecualikan_latihan_segmen_kurang_dari_4"
"1813","Pesisir Barat","Kabupaten","Kabupaten_3","naive",2023,2022,2022,1,76.32,,,,"dikecualikan_latihan_segmen_kurang_dari_4"
"1813","Pesisir Barat","Kabupaten","Kabupaten_3","drift",2023,2022,2022,1,76.32,,,,"dikecualikan_latihan_segmen_kurang_dari_4"
"1813","Pesisir Barat","Kabupaten","Kabupaten_4","naive",2024,,,0,75.77,,,,"dikecualikan_latihan_segmen_kurang_dari_4"
"1813","Pesisir Barat","Kabupaten","Kabupaten_4","drift",2024,,,0,75.77,,,,"dikecualikan_latihan_segmen_kurang_dari_4"
"1871","Kota Bandar Lampung","Kota","Kota_1","naive",2022,2018,2021,4,73.41,74.17,-0.760000000000005,FALSE,"eksploratif_bersyarat"
"1871","Kota Bandar Lampung","Kota","Kota_1","drift",2022,2018,2021,4,73.41,75.9166666666667,-2.50666666666667,FALSE,"eksploratif_bersyarat"
"1871","Kota Bandar Lampung","Kota","Kota_1","naive",2023,2018,2022,5,83.37,73.41,9.96000000000001,FALSE,"eksploratif_bersyarat"
"1871","Kota Bandar Lampung","Kota","Kota_1","drift",2023,2018,2022,5,83.37,74.53,8.84,FALSE,"eksploratif_bersyarat"
"1871","Kota Bandar Lampung","Kota","Kota_1","naive",2024,2018,2023,6,84.64,83.37,1.27,FALSE,"eksploratif_bersyarat"
"1871","Kota Bandar Lampung","Kota","Kota_1","drift",2024,2018,2023,6,84.64,86.258,-1.61800000000001,FALSE,"eksploratif_bersyarat"
"1872","Kota Metro","Kota","Kota_1","naive",2022,2018,2021,4,73.35,76.74,-3.39,FALSE,"eksploratif_bersyarat"
"1872","Kota Metro","Kota","Kota_1","drift",2022,2018,2021,4,73.35,80.3266666666667,-6.97666666666666,FALSE,"eksploratif_bersyarat"
"1872","Kota Metro","Kota","Kota_1","naive",2023,2018,2022,5,83.66,73.35,10.31,FALSE,"eksploratif_bersyarat"
"1872","Kota Metro","Kota","Kota_1","drift",2023,2018,2022,5,83.66,75.1925,8.4675,FALSE,"eksploratif_bersyarat"
"1872","Kota Metro","Kota","Kota_1","naive",2024,2018,2023,6,85.78,83.66,2.12,FALSE,"eksploratif_bersyarat"
"1872","Kota Metro","Kota","Kota_1","drift",2024,2018,2023,6,85.78,87.196,-1.416,FALSE,"eksploratif_bersyarat"
