"kode","kabupaten","tahun","ikp","ikp_asal","dikoreksi","status_nilai","tipe","batas_metode","status_sumber","segmen","status_analisis"
"1801","Lampung Barat",2018,70.76,70.76,FALSE,"asal_tanpa_selisih_tercatat","Kabupaten",FALSE,"metodologi_primer_dan_audit_skor_tersimpan","Kabupaten_1","eksploratif_bersyarat"
"1801","Lampung Barat",2019,74.62,74.62,FALSE,"asal_tanpa_selisih_tercatat","Kabupaten",FALSE,"cuplikan_primer_terindeks","Kabupaten_1","eksploratif_bersyarat"
"1801","Lampung Barat",2020,74.02,74.02,FALSE,"pertahankan_primer_pdf","Kabupaten",FALSE,"terverifikasi_parsial","Kabupaten_1","eksploratif_bersyarat"
"1801","Lampung Barat",2021,70.8,70.8,FALSE,"asal_tanpa_selisih_tercatat","Kabupaten",TRUE,"terverifikasi_parsial","Kabupaten_2","eksploratif_bersyarat"
"1801","Lampung Barat",2022,74.34,74.34,FALSE,"asal_tanpa_selisih_tercatat","Kabupaten",TRUE,"terverifikasi_parsial","Kabupaten_3","eksploratif_bersyarat"
"1801","Lampung Barat",2023,75.39,75.39,FALSE,"asal_tanpa_selisih_tercatat","Kabupaten",FALSE,"terverifikasi_parsial","Kabupaten_3","eksploratif_bersyarat"
"1801","Lampung Barat",2024,76.18,76.18,FALSE,"asal_tanpa_selisih_tercatat","Kabupaten",TRUE,"terverifikasi_parsial","Kabupaten_4","eksploratif_bersyarat"
"1802","Tanggamus",2018,71.96,71.96,FALSE,"asal_tanpa_selisih_tercatat","Kabupaten",FALSE,"metodologi_primer_dan_audit_skor_tersimpan","Kabupaten_1","eksploratif_bersyarat"
"1802","Tanggamus",2019,76.55,76.55,FALSE,"asal_tanpa_selisih_tercatat","Kabupaten",FALSE,"cuplikan_primer_terindeks","Kabupaten_1","eksploratif_bersyarat"
"1802","Tanggamus",2020,74.67,76.67,TRUE,"koreksi_primer_pdf","Kabupaten",FALSE,"terverifikasi_parsial","Kabupaten_1","eksploratif_bersyarat"
"1802","Tanggamus",2021,75.34,75.34,FALSE,"asal_tanpa_selisih_tercatat","Kabupaten",TRUE,"terverifikasi_parsial","Kabupaten_2","eksploratif_bersyarat"
"1802","Tanggamus",2022,73.6,73.6,FALSE,"asal_tanpa_selisih_tercatat","Kabupaten",TRUE,"terverifikasi_parsial","Kabupaten_3","eksploratif_bersyarat"
"1802","Tanggamus",2023,74.19,74.19,FALSE,"asal_tanpa_selisih_tercatat","Kabupaten",FALSE,"terverifikasi_parsial","Kabupaten_3","eksploratif_bersyarat"
"1802","Tanggamus",2024,76.4,76.4,FALSE,"asal_tanpa_selisih_tercatat","Kabupaten",TRUE,"terverifikasi_parsial","Kabupaten_4","eksploratif_bersyarat"
"1803","Lampung Selatan",2018,76.48,76.48,FALSE,"asal_tanpa_selisih_tercatat","Kabupaten",FALSE,"metodologi_primer_dan_audit_skor_tersimpan","Kabupaten_1","eksploratif_bersyarat"
"1803","Lampung Selatan",2019,78.99,78.99,FALSE,"asal_tanpa_selisih_tercatat","Kabupaten",FALSE,"cuplikan_primer_terindeks","Kabupaten_1","eksploratif_bersyarat"
"1803","Lampung Selatan",2020,79.23,79.23,FALSE,"asal_tanpa_selisih_tercatat","Kabupaten",FALSE,"terverifikasi_parsial","Kabupaten_1","eksploratif_bersyarat"
"1803","Lampung Selatan",2021,79.66,79.66,FALSE,"asal_tanpa_selisih_tercatat","Kabupaten",TRUE,"terverifikasi_parsial","Kabupaten_2","eksploratif_bersyarat"
"1803","Lampung Selatan",2022,81.81,81.81,FALSE,"asal_tanpa_selisih_tercatat","Kabupaten",TRUE,"terverifikasi_parsial","Kabupaten_3","eksploratif_bersyarat"
"1803","Lampung Selatan",2023,85.46,85.46,FALSE,"asal_tanpa_selisih_tercatat","Kabupaten",FALSE,"terverifikasi_parsial","Kabupaten_3","eksploratif_bersyarat"
"1803","Lampung Selatan",2024,84.46,84.46,FALSE,"pertahankan_primer_pdf","Kabupaten",TRUE,"terverifikasi_parsial","Kabupaten_4","eksploratif_bersyarat"
"1804","Lampung Timur",2018,77.43,77.43,FALSE,"asal_tanpa_selisih_tercatat","Kabupaten",FALSE,"metodologi_primer_dan_audit_skor_tersimpan","Kabupaten_1","eksploratif_bersyarat"
"1804","Lampung Timur",2019,77.38,77.38,FALSE,"asal_tanpa_selisih_tercatat","Kabupaten",FALSE,"cuplikan_primer_terindeks","Kabupaten_1","eksploratif_bersyarat"
"1804","Lampung Timur",2020,79.5,79.5,FALSE,"asal_tanpa_selisih_tercatat","Kabupaten",FALSE,"terverifikasi_parsial","Kabupaten_1","eksploratif_bersyarat"
"1804","Lampung Timur",2021,81.2,81.2,FALSE,"asal_tanpa_selisih_tercatat","Kabupaten",TRUE,"terverifikasi_parsial","Kabupaten_2","eksploratif_bersyarat"
"1804","Lampung Timur",2022,82.78,82.78,FALSE,"asal_tanpa_selisih_tercatat","Kabupaten",TRUE,"terverifikasi_parsial","Kabupaten_3","eksploratif_bersyarat"
"1804","Lampung Timur",2023,83.55,83.55,FALSE,"asal_tanpa_selisih_tercatat","Kabupaten",FALSE,"terverifikasi_parsial","Kabupaten_3","eksploratif_bersyarat"
"1804","Lampung Timur",2024,85.22,85.22,FALSE,"asal_tanpa_selisih_tercatat","Kabupaten",TRUE,"terverifikasi_parsial","Kabupaten_4","eksploratif_bersyarat"
"1805","Lampung Tengah",2018,75.43,75.43,FALSE,"asal_tanpa_selisih_tercatat","Kabupaten",FALSE,"metodologi_primer_dan_audit_skor_tersimpan","Kabupaten_1","eksploratif_bersyarat"
"1805","Lampung Tengah",2019,78.88,78.88,FALSE,"asal_tanpa_selisih_tercatat","Kabupaten",FALSE,"cuplikan_primer_terindeks","Kabupaten_1","eksploratif_bersyarat"
"1805","Lampung Tengah",2020,79.83,79.83,FALSE,"asal_tanpa_selisih_tercatat","Kabupaten",FALSE,"terverifikasi_parsial","Kabupaten_1","eksploratif_bersyarat"
"1805","Lampung Tengah",2021,80.16,80.16,FALSE,"asal_tanpa_selisih_tercatat","Kabupaten",TRUE,"terverifikasi_parsial","Kabupaten_2","eksploratif_bersyarat"
"1805","Lampung Tengah",2022,81.07,81.07,FALSE,"asal_tanpa_selisih_tercatat","Kabupaten",TRUE,"terverifikasi_parsial","Kabupaten_3","eksploratif_bersyarat"
"1805","Lampung Tengah",2023,84.55,84.55,FALSE,"asal_tanpa_selisih_tercatat","Kabupaten",FALSE,"terverifikasi_parsial","Kabupaten_3","eksploratif_bersyarat"
"1805","Lampung Tengah",2024,84.93,84.93,FALSE,"asal_tanpa_selisih_tercatat","Kabupaten",TRUE,"terverifikasi_parsial","Kabupaten_4","eksploratif_bersyarat"
"1806","Lampung Utara",2018,72.18,72.18,FALSE,"asal_tanpa_selisih_tercatat","Kabupaten",FALSE,"metodologi_primer_dan_audit_skor_tersimpan","Kabupaten_1","eksploratif_bersyarat"
"1806","Lampung Utara",2019,71.35,71.35,FALSE,"asal_tanpa_selisih_tercatat","Kabupaten",FALSE,"cuplikan_primer_terindeks","Kabupaten_1","eksploratif_bersyarat"
"1806","Lampung Utara",2020,71.51,71.51,FALSE,"asal_tanpa_selisih_tercatat","Kabupaten",FALSE,"terverifikasi_parsial","Kabupaten_1","eksploratif_bersyarat"
"1806","Lampung Utara",2021,73,73,FALSE,"asal_tanpa_selisih_tercatat","Kabupaten",TRUE,"terverifikasi_parsial","Kabupaten_2","eksploratif_bersyarat"
"1806","Lampung Utara",2022,75,75,FALSE,"asal_tanpa_selisih_tercatat","Kabupaten",TRUE,"terverifikasi_parsial","Kabupaten_3","eksploratif_bersyarat"
"1806","Lampung Utara",2023,74.94,74.94,FALSE,"asal_tanpa_selisih_tercatat","Kabupaten",FALSE,"terverifikasi_parsial","Kabupaten_3","eksploratif_bersyarat"
"1806","Lampung Utara",2024,76.82,76.82,FALSE,"asal_tanpa_selisih_tercatat","Kabupaten",TRUE,"terverifikasi_parsial","Kabupaten_4","eksploratif_bersyarat"
"1807","Way Kanan",2018,73.63,73.63,FALSE,"asal_tanpa_selisih_tercatat","Kabupaten",FALSE,"metodologi_primer_dan_audit_skor_tersimpan","Kabupaten_1","eksploratif_bersyarat"
"1807","Way Kanan",2019,72.37,72.37,FALSE,"asal_tanpa_selisih_tercatat","Kabupaten",FALSE,"cuplikan_primer_terindeks","Kabupaten_1","eksploratif_bersyarat"
"1807","Way Kanan",2020,73.34,73.34,FALSE,"asal_tanpa_selisih_tercatat","Kabupaten",FALSE,"terverifikasi_parsial","Kabupaten_1","eksploratif_bersyarat"
"1807","Way Kanan",2021,74.96,74.96,FALSE,"asal_tanpa_selisih_tercatat","Kabupaten",TRUE,"terverifikasi_parsial","Kabupaten_2","eksploratif_bersyarat"
"1807","Way Kanan",2022,78.34,78.34,FALSE,"asal_tanpa_selisih_tercatat","Kabupaten",TRUE,"terverifikasi_parsial","Kabupaten_3","eksploratif_bersyarat"
"1807","Way Kanan",2023,79.31,79.31,FALSE,"asal_tanpa_selisih_tercatat","Kabupaten",FALSE,"terverifikasi_parsial","Kabupaten_3","eksploratif_bersyarat"
"1807","Way Kanan",2024,79.61,79.61,FALSE,"asal_tanpa_selisih_tercatat","Kabupaten",TRUE,"terverifikasi_parsial","Kabupaten_4","eksploratif_bersyarat"
"1808","Tulang Bawang",2018,78.24,78.24,FALSE,"asal_tanpa_selisih_tercatat","Kabupaten",FALSE,"metodologi_primer_dan_audit_skor_tersimpan","Kabupaten_1","eksploratif_bersyarat"
"1808","Tulang Bawang",2019,82.29,82.29,FALSE,"asal_tanpa_selisih_tercatat","Kabupaten",FALSE,"cuplikan_primer_terindeks","Kabupaten_1","eksploratif_bersyarat"
"1808","Tulang Bawang",2020,82.83,82.83,FALSE,"asal_tanpa_selisih_tercatat","Kabupaten",FALSE,"terverifikasi_parsial","Kabupaten_1","eksploratif_bersyarat"
"1808","Tulang Bawang",2021,84.58,84.58,FALSE,"asal_tanpa_selisih_tercatat","Kabupaten",TRUE,"terverifikasi_parsial","Kabupaten_2","eksploratif_bersyarat"
"1808","Tulang Bawang",2022,86.25,86.25,FALSE,"asal_tanpa_selisih_tercatat","Kabupaten",TRUE,"terverifikasi_parsial","Kabupaten_3","eksploratif_bersyarat"
"1808","Tulang Bawang",2023,87.51,87.51,FALSE,"asal_tanpa_selisih_tercatat","Kabupaten",FALSE,"terverifikasi_parsial","Kabupaten_3","eksploratif_bersyarat"
"1808","Tulang Bawang",2024,88.78,88.78,FALSE,"asal_tanpa_selisih_tercatat","Kabupaten",TRUE,"terverifikasi_parsial","Kabupaten_4","eksploratif_bersyarat"
"1809","Pesawaran",2018,72.54,72.54,FALSE,"asal_tanpa_selisih_tercatat","Kabupaten",FALSE,"metodologi_primer_dan_audit_skor_tersimpan","Kabupaten_1","eksploratif_bersyarat"
"1809","Pesawaran",2019,76.74,76.74,FALSE,"asal_tanpa_selisih_tercatat","Kabupaten",FALSE,"cuplikan_primer_terindeks","Kabupaten_1","eksploratif_bersyarat"
"1809","Pesawaran",2020,80.15,80.15,FALSE,"asal_tanpa_selisih_tercatat","Kabupaten",FALSE,"terverifikasi_parsial","Kabupaten_1","eksploratif_bersyarat"
"1809","Pesawaran",2021,78.96,78.96,FALSE,"asal_tanpa_selisih_tercatat","Kabupaten",TRUE,"terverifikasi_parsial","Kabupaten_2","eksploratif_bersyarat"
"1809","Pesawaran",2022,77.86,77.86,FALSE,"asal_tanpa_selisih_tercatat","Kabupaten",TRUE,"terverifikasi_parsial","Kabupaten_3","eksploratif_bersyarat"
"1809","Pesawaran",2023,77.89,77.89,FALSE,"asal_tanpa_selisih_tercatat","Kabupaten",FALSE,"terverifikasi_parsial","Kabupaten_3","eksploratif_bersyarat"
"1809","Pesawaran",2024,80.85,80.85,FALSE,"asal_tanpa_selisih_tercatat","Kabupaten",TRUE,"terverifikasi_parsial","Kabupaten_4","eksploratif_bersyarat"
"1810","Pringsewu",2018,78.48,78.48,FALSE,"asal_tanpa_selisih_tercatat","Kabupaten",FALSE,"metodologi_primer_dan_audit_skor_tersimpan","Kabupaten_1","eksploratif_bersyarat"
"1810","Pringsewu",2019,83.13,83.13,FALSE,"asal_tanpa_selisih_tercatat","Kabupaten",FALSE,"cuplikan_primer_terindeks","Kabupaten_1","eksploratif_bersyarat"
"1810","Pringsewu",2020,83.79,83.79,FALSE,"asal_tanpa_selisih_tercatat","Kabupaten",FALSE,"terverifikasi_parsial","Kabupaten_1","eksploratif_bersyarat"
"1810","Pringsewu",2021,84.05,84.05,FALSE,"asal_tanpa_selisih_tercatat","Kabupaten",TRUE,"terverifikasi_parsial","Kabupaten_2","eksploratif_bersyarat"
"1810","Pringsewu",2022,84.14,84.14,FALSE,"asal_tanpa_selisih_tercatat","Kabupaten",TRUE,"terverifikasi_parsial","Kabupaten_3","eksploratif_bersyarat"
"1810","Pringsewu",2023,87.38,87.38,FALSE,"asal_tanpa_selisih_tercatat","Kabupaten",FALSE,"terverifikasi_parsial","Kabupaten_3","eksploratif_bersyarat"
"1810","Pringsewu",2024,87.35,87.35,FALSE,"asal_tanpa_selisih_tercatat","Kabupaten",TRUE,"terverifikasi_parsial","Kabupaten_4","eksploratif_bersyarat"
"1811","Mesuji",2018,80.82,80.82,FALSE,"asal_tanpa_selisih_tercatat","Kabupaten",FALSE,"metodologi_primer_dan_audit_skor_tersimpan","Kabupaten_1","eksploratif_bersyarat"
"1811","Mesuji",2019,81.78,81.78,FALSE,"asal_tanpa_selisih_tercatat","Kabupaten",FALSE,"cuplikan_primer_terindeks","Kabupaten_1","eksploratif_bersyarat"
"1811","Mesuji",2020,83.66,83.66,FALSE,"asal_tanpa_selisih_tercatat","Kabupaten",FALSE,"terverifikasi_parsial","Kabupaten_1","eksploratif_bersyarat"
"1811","Mesuji",2021,85.6,85.6,FALSE,"asal_tanpa_selisih_tercatat","Kabupaten",TRUE,"terverifikasi_parsial","Kabupaten_2","eksploratif_bersyarat"
"1811","Mesuji",2022,85.62,85.62,FALSE,"asal_tanpa_selisih_tercatat","Kabupaten",TRUE,"terverifikasi_parsial","Kabupaten_3","eksploratif_bersyarat"
"1811","Mesuji",2023,86.21,86.21,FALSE,"asal_tanpa_selisih_tercatat","Kabupaten",FALSE,"terverifikasi_parsial","Kabupaten_3","eksploratif_bersyarat"
"1811","Mesuji",2024,88.18,88.18,FALSE,"asal_tanpa_selisih_tercatat","Kabupaten",TRUE,"terverifikasi_parsial","Kabupaten_4","eksploratif_bersyarat"
"1812","Tulang Bawang Barat",2018,80.7,80.7,FALSE,"asal_tanpa_selisih_tercatat","Kabupaten",FALSE,"metodologi_primer_dan_audit_skor_tersimpan","Kabupaten_1","eksploratif_bersyarat"
"1812","Tulang Bawang Barat",2019,79.28,79.28,FALSE,"asal_tanpa_selisih_tercatat","Kabupaten",FALSE,"cuplikan_primer_terindeks","Kabupaten_1","eksploratif_bersyarat"
"1812","Tulang Bawang Barat",2020,77.58,77.58,FALSE,"asal_tanpa_selisih_tercatat","Kabupaten",FALSE,"terverifikasi_parsial","Kabupaten_1","eksploratif_bersyarat"
"1812","Tulang Bawang Barat",2021,78.58,78.58,FALSE,"asal_tanpa_selisih_tercatat","Kabupaten",TRUE,"terverifikasi_parsial","Kabupaten_2","eksploratif_bersyarat"
"1812","Tulang Bawang Barat",2022,79.84,79.84,FALSE,"asal_tanpa_selisih_tercatat","Kabupaten",TRUE,"terverifikasi_parsial","Kabupaten_3","eksploratif_bersyarat"
"1812","Tulang Bawang Barat",2023,83.59,83.59,FALSE,"asal_tanpa_selisih_tercatat","Kabupaten",FALSE,"terverifikasi_parsial","Kabupaten_3","eksploratif_bersyarat"
"1812","Tulang Bawang Barat",2024,83.74,83.74,FALSE,"asal_tanpa_selisih_tercatat","Kabupaten",TRUE,"terverifikasi_parsial","Kabupaten_4","eksploratif_bersyarat"
"1813","Pesisir Barat",2018,67.99,67.99,FALSE,"asal_tanpa_selisih_tercatat","Kabupaten",FALSE,"metodologi_primer_dan_audit_skor_tersimpan","Kabupaten_1","eksploratif_bersyarat"
"1813","Pesisir Barat",2019,71.98,71.98,FALSE,"asal_tanpa_selisih_tercatat","Kabupaten",FALSE,"cuplikan_primer_terindeks","Kabupaten_1","eksploratif_bersyarat"
"1813","Pesisir Barat",2020,72.93,72.93,FALSE,"asal_tanpa_selisih_tercatat","Kabupaten",FALSE,"terverifikasi_parsial","Kabupaten_1","eksploratif_bersyarat"
"1813","Pesisir Barat",2021,71.6,71.6,FALSE,"asal_tanpa_selisih_tercatat","Kabupaten",TRUE,"terverifikasi_parsial","Kabupaten_2","eksploratif_bersyarat"
"1813","Pesisir Barat",2022,71.71,71.71,FALSE,"asal_tanpa_selisih_tercatat","Kabupaten",TRUE,"terverifikasi_parsial","Kabupaten_3","eksploratif_bersyarat"
"1813","Pesisir Barat",2023,76.32,76.32,FALSE,"asal_tanpa_selisih_tercatat","Kabupaten",FALSE,"terverifikasi_parsial","Kabupaten_3","eksploratif_bersyarat"
"1813","Pesisir Barat",2024,75.77,75.77,FALSE,"asal_tanpa_selisih_tercatat","Kabupaten",TRUE,"terverifikasi_parsial","Kabupaten_4","eksploratif_bersyarat"
"1871","Kota Bandar Lampung",2018,68.93,68.93,FALSE,"asal_tanpa_selisih_tercatat","Kota",FALSE,"metodologi_primer_dan_audit_skor_tersimpan","Kota_1","eksploratif_bersyarat"
"1871","Kota Bandar Lampung",2019,73.49,73.49,FALSE,"asal_tanpa_selisih_tercatat","Kota",FALSE,"cuplikan_primer_terindeks","Kota_1","eksploratif_bersyarat"
"1871","Kota Bandar Lampung",2020,71.62,71.62,FALSE,"asal_tanpa_selisih_tercatat","Kota",FALSE,"terverifikasi_parsial","Kota_1","eksploratif_bersyarat"
"1871","Kota Bandar Lampung",2021,74.17,74.17,FALSE,"asal_tanpa_selisih_tercatat","Kota",FALSE,"terverifikasi_parsial","Kota_1","eksploratif_bersyarat"
"1871","Kota Bandar Lampung",2022,73.41,73.41,FALSE,"asal_tanpa_selisih_tercatat","Kota",FALSE,"terverifikasi_parsial","Kota_1","eksploratif_bersyarat"
"1871","Kota Bandar Lampung",2023,83.37,83.37,FALSE,"asal_tanpa_selisih_tercatat","Kota",FALSE,"terverifikasi_parsial","Kota_1","eksploratif_bersyarat"
"1871","Kota Bandar Lampung",2024,84.64,84.64,FALSE,"asal_tanpa_selisih_tercatat","Kota",FALSE,"terverifikasi_parsial","Kota_1","eksploratif_bersyarat"
"1872","Kota Metro",2018,65.98,65.98,FALSE,"asal_tanpa_selisih_tercatat","Kota",FALSE,"metodologi_primer_dan_audit_skor_tersimpan","Kota_1","eksploratif_bersyarat"
"1872","Kota Metro",2019,75.85,75.85,FALSE,"pertahankan_dokumen_daerah_dan_indeks_primer","Kota",FALSE,"cuplikan_primer_terindeks","Kota_1","eksploratif_bersyarat"
"1872","Kota Metro",2020,76.76,76.76,FALSE,"pertahankan_primer_pdf","Kota",FALSE,"terverifikasi_parsial","Kota_1","eksploratif_bersyarat"
"1872","Kota Metro",2021,76.74,76.74,FALSE,"asal_tanpa_selisih_tercatat","Kota",FALSE,"terverifikasi_parsial","Kota_1","eksploratif_bersyarat"
"1872","Kota Metro",2022,73.35,73.35,FALSE,"asal_tanpa_selisih_tercatat","Kota",FALSE,"terverifikasi_parsial","Kota_1","eksploratif_bersyarat"
"1872","Kota Metro",2023,83.66,83.66,FALSE,"asal_tanpa_selisih_tercatat","Kota",FALSE,"terverifikasi_parsial","Kota_1","eksploratif_bersyarat"
"1872","Kota Metro",2024,85.78,85.78,FALSE,"asal_tanpa_selisih_tercatat","Kota",FALSE,"terverifikasi_parsial","Kota_1","eksploratif_bersyarat"
