"kode","kabupaten","tipe","tahun","segmen","perubahan_poin","status"
"1801","Lampung Barat","Kabupaten",2019,"Kabupaten_1",3.86,"eksploratif_bersyarat"
"1801","Lampung Barat","Kabupaten",2020,"Kabupaten_1",-0.600000000000009,"eksploratif_bersyarat"
"1801","Lampung Barat","Kabupaten",2021,"Kabupaten_2",,"dikecualikan_batas_metode"
"1801","Lampung Barat","Kabupaten",2022,"Kabupaten_3",,"dikecualikan_batas_metode"
"1801","Lampung Barat","Kabupaten",2023,"Kabupaten_3",1.05,"eksploratif_bersyarat"
"1801","Lampung Barat","Kabupaten",2024,"Kabupaten_4",,"dikecualikan_batas_metode"
"1802","Tanggamus","Kabupaten",2019,"Kabupaten_1",4.59,"eksploratif_bersyarat"
"1802","Tanggamus","Kabupaten",2020,"Kabupaten_1",-1.88,"eksploratif_bersyarat"
"1802","Tanggamus","Kabupaten",2021,"Kabupaten_2",,"dikecualikan_batas_metode"
"1802","Tanggamus","Kabupaten",2022,"Kabupaten_3",,"dikecualikan_batas_metode"
"1802","Tanggamus","Kabupaten",2023,"Kabupaten_3",0.590000000000003,"eksploratif_bersyarat"
"1802","Tanggamus","Kabupaten",2024,"Kabupaten_4",,"dikecualikan_batas_metode"
"1803","Lampung Selatan","Kabupaten",2019,"Kabupaten_1",2.50999999999999,"eksploratif_bersyarat"
"1803","Lampung Selatan","Kabupaten",2020,"Kabupaten_1",0.240000000000009,"eksploratif_bersyarat"
"1803","Lampung Selatan","Kabupaten",2021,"Kabupaten_2",,"dikecualikan_batas_metode"
"1803","Lampung Selatan","Kabupaten",2022,"Kabupaten_3",,"dikecualikan_batas_metode"
"1803","Lampung Selatan","Kabupaten",2023,"Kabupaten_3",3.64999999999999,"eksploratif_bersyarat"
"1803","Lampung Selatan","Kabupaten",2024,"Kabupaten_4",,"dikecualikan_batas_metode"
"1804","Lampung Timur","Kabupaten",2019,"Kabupaten_1",-0.0500000000000114,"eksploratif_bersyarat"
"1804","Lampung Timur","Kabupaten",2020,"Kabupaten_1",2.12,"eksploratif_bersyarat"
"1804","Lampung Timur","Kabupaten",2021,"Kabupaten_2",,"dikecualikan_batas_metode"
"1804","Lampung Timur","Kabupaten",2022,"Kabupaten_3",,"dikecualikan_batas_metode"
"1804","Lampung Timur","Kabupaten",2023,"Kabupaten_3",0.769999999999996,"eksploratif_bersyarat"
"1804","Lampung Timur","Kabupaten",2024,"Kabupaten_4",,"dikecualikan_batas_metode"
"1805","Lampung Tengah","Kabupaten",2019,"Kabupaten_1",3.44999999999999,"eksploratif_bersyarat"
"1805","Lampung Tengah","Kabupaten",2020,"Kabupaten_1",0.950000000000003,"eksploratif_bersyarat"
"1805","Lampung Tengah","Kabupaten",2021,"Kabupaten_2",,"dikecualikan_batas_metode"
"1805","Lampung Tengah","Kabupaten",2022,"Kabupaten_3",,"dikecualikan_batas_metode"
"1805","Lampung Tengah","Kabupaten",2023,"Kabupaten_3",3.48,"eksploratif_bersyarat"
"1805","Lampung Tengah","Kabupaten",2024,"Kabupaten_4",,"dikecualikan_batas_metode"
"1806","Lampung Utara","Kabupaten",2019,"Kabupaten_1",-0.830000000000013,"eksploratif_bersyarat"
"1806","Lampung Utara","Kabupaten",2020,"Kabupaten_1",0.160000000000011,"eksploratif_bersyarat"
"1806","Lampung Utara","Kabupaten",2021,"Kabupaten_2",,"dikecualikan_batas_metode"
"1806","Lampung Utara","Kabupaten",2022,"Kabupaten_3",,"dikecualikan_batas_metode"
"1806","Lampung Utara","Kabupaten",2023,"Kabupaten_3",-0.0600000000000023,"eksploratif_bersyarat"
"1806","Lampung Utara","Kabupaten",2024,"Kabupaten_4",,"dikecualikan_batas_metode"
"1807","Way Kanan","Kabupaten",2019,"Kabupaten_1",-1.25999999999999,"eksploratif_bersyarat"
"1807","Way Kanan","Kabupaten",2020,"Kabupaten_1",0.969999999999999,"eksploratif_bersyarat"
"1807","Way Kanan","Kabupaten",2021,"Kabupaten_2",,"dikecualikan_batas_metode"
"1807","Way Kanan","Kabupaten",2022,"Kabupaten_3",,"dikecualikan_batas_metode"
"1807","Way Kanan","Kabupaten",2023,"Kabupaten_3",0.969999999999999,"eksploratif_bersyarat"
"1807","Way Kanan","Kabupaten",2024,"Kabupaten_4",,"dikecualikan_batas_metode"
"1808","Tulang Bawang","Kabupaten",2019,"Kabupaten_1",4.05000000000001,"eksploratif_bersyarat"
"1808","Tulang Bawang","Kabupaten",2020,"Kabupaten_1",0.539999999999992,"eksploratif_bersyarat"
"1808","Tulang Bawang","Kabupaten",2021,"Kabupaten_2",,"dikecualikan_batas_metode"
"1808","Tulang Bawang","Kabupaten",2022,"Kabupaten_3",,"dikecualikan_batas_metode"
"1808","Tulang Bawang","Kabupaten",2023,"Kabupaten_3",1.26000000000001,"eksploratif_bersyarat"
"1808","Tulang Bawang","Kabupaten",2024,"Kabupaten_4",,"dikecualikan_batas_metode"
"1809","Pesawaran","Kabupaten",2019,"Kabupaten_1",4.19999999999999,"eksploratif_bersyarat"
"1809","Pesawaran","Kabupaten",2020,"Kabupaten_1",3.41000000000001,"eksploratif_bersyarat"
"1809","Pesawaran","Kabupaten",2021,"Kabupaten_2",,"dikecualikan_batas_metode"
"1809","Pesawaran","Kabupaten",2022,"Kabupaten_3",,"dikecualikan_batas_metode"
"1809","Pesawaran","Kabupaten",2023,"Kabupaten_3",0.0300000000000011,"eksploratif_bersyarat"
"1809","Pesawaran","Kabupaten",2024,"Kabupaten_4",,"dikecualikan_batas_metode"
"1810","Pringsewu","Kabupaten",2019,"Kabupaten_1",4.64999999999999,"eksploratif_bersyarat"
"1810","Pringsewu","Kabupaten",2020,"Kabupaten_1",0.660000000000011,"eksploratif_bersyarat"
"1810","Pringsewu","Kabupaten",2021,"Kabupaten_2",,"dikecualikan_batas_metode"
"1810","Pringsewu","Kabupaten",2022,"Kabupaten_3",,"dikecualikan_batas_metode"
"1810","Pringsewu","Kabupaten",2023,"Kabupaten_3",3.23999999999999,"eksploratif_bersyarat"
"1810","Pringsewu","Kabupaten",2024,"Kabupaten_4",,"dikecualikan_batas_metode"
"1811","Mesuji","Kabupaten",2019,"Kabupaten_1",0.960000000000008,"eksploratif_bersyarat"
"1811","Mesuji","Kabupaten",2020,"Kabupaten_1",1.88,"eksploratif_bersyarat"
"1811","Mesuji","Kabupaten",2021,"Kabupaten_2",,"dikecualikan_batas_metode"
"1811","Mesuji","Kabupaten",2022,"Kabupaten_3",,"dikecualikan_batas_metode"
"1811","Mesuji","Kabupaten",2023,"Kabupaten_3",0.589999999999989,"eksploratif_bersyarat"
"1811","Mesuji","Kabupaten",2024,"Kabupaten_4",,"dikecualikan_batas_metode"
"1812","Tulang Bawang Barat","Kabupaten",2019,"Kabupaten_1",-1.42,"eksploratif_bersyarat"
"1812","Tulang Bawang Barat","Kabupaten",2020,"Kabupaten_1",-1.7,"eksploratif_bersyarat"
"1812","Tulang Bawang Barat","Kabupaten",2021,"Kabupaten_2",,"dikecualikan_batas_metode"
"1812","Tulang Bawang Barat","Kabupaten",2022,"Kabupaten_3",,"dikecualikan_batas_metode"
"1812","Tulang Bawang Barat","Kabupaten",2023,"Kabupaten_3",3.75,"eksploratif_bersyarat"
"1812","Tulang Bawang Barat","Kabupaten",2024,"Kabupaten_4",,"dikecualikan_batas_metode"
"1813","Pesisir Barat","Kabupaten",2019,"Kabupaten_1",3.99000000000001,"eksploratif_bersyarat"
"1813","Pesisir Barat","Kabupaten",2020,"Kabupaten_1",0.950000000000003,"eksploratif_bersyarat"
"1813","Pesisir Barat","Kabupaten",2021,"Kabupaten_2",,"dikecualikan_batas_metode"
"1813","Pesisir Barat","Kabupaten",2022,"Kabupaten_3",,"dikecualikan_batas_metode"
"1813","Pesisir Barat","Kabupaten",2023,"Kabupaten_3",4.61,"eksploratif_bersyarat"
"1813","Pesisir Barat","Kabupaten",2024,"Kabupaten_4",,"dikecualikan_batas_metode"
"1871","Kota Bandar Lampung","Kota",2019,"Kota_1",4.55999999999999,"eksploratif_bersyarat"
"1871","Kota Bandar Lampung","Kota",2020,"Kota_1",-1.86999999999999,"eksploratif_bersyarat"
"1871","Kota Bandar Lampung","Kota",2021,"Kota_1",2.55,"eksploratif_bersyarat"
"1871","Kota Bandar Lampung","Kota",2022,"Kota_1",-0.760000000000005,"eksploratif_bersyarat"
"1871","Kota Bandar Lampung","Kota",2023,"Kota_1",9.96000000000001,"eksploratif_bersyarat"
"1871","Kota Bandar Lampung","Kota",2024,"Kota_1",1.27,"eksploratif_bersyarat"
"1872","Kota Metro","Kota",2019,"Kota_1",9.86999999999999,"eksploratif_bersyarat"
"1872","Kota Metro","Kota",2020,"Kota_1",0.910000000000011,"eksploratif_bersyarat"
"1872","Kota Metro","Kota",2021,"Kota_1",-0.0200000000000102,"eksploratif_bersyarat"
"1872","Kota Metro","Kota",2022,"Kota_1",-3.39,"eksploratif_bersyarat"
"1872","Kota Metro","Kota",2023,"Kota_1",10.31,"eksploratif_bersyarat"
"1872","Kota Metro","Kota",2024,"Kota_1",2.12,"eksploratif_bersyarat"
