"kode","kabupaten","tipe","segmen","tahun_awal","tahun_akhir","n_tahun","n_perubahan","ikp_awal","ikp_akhir","kenaikan_bersih_poin","rata_perubahan_poin","sd_perubahan_poin","tahun_turun","perubahan_min_poin","perubahan_max_poin","status"
"1801","Lampung Barat","Kabupaten","Kabupaten_1",2018,2020,3,2,70.76,74.02,3.25999999999999,1.63,3.15369624409201,1,-0.600000000000009,3.86,"eksploratif_bersyarat"
"1801","Lampung Barat","Kabupaten","Kabupaten_2",2021,2021,1,0,70.8,70.8,,,,,,,"satu_titik_tanpa_tren"
"1801","Lampung Barat","Kabupaten","Kabupaten_3",2022,2023,2,1,74.34,75.39,1.05,1.05,,0,1.05,1.05,"eksploratif_bersyarat"
"1801","Lampung Barat","Kabupaten","Kabupaten_4",2024,2024,1,0,76.18,76.18,,,,,,,"satu_titik_tanpa_tren"
"1802","Tanggamus","Kabupaten","Kabupaten_1",2018,2020,3,2,71.96,74.67,2.71000000000001,1.355,4.57498087427696,1,-1.88,4.59,"eksploratif_bersyarat"
"1802","Tanggamus","Kabupaten","Kabupaten_2",2021,2021,1,0,75.34,75.34,,,,,,,"satu_titik_tanpa_tren"
"1802","Tanggamus","Kabupaten","Kabupaten_3",2022,2023,2,1,73.6,74.19,0.590000000000003,0.590000000000003,,0,0.590000000000003,0.590000000000003,"eksploratif_bersyarat"
"1802","Tanggamus","Kabupaten","Kabupaten_4",2024,2024,1,0,76.4,76.4,,,,,,,"satu_titik_tanpa_tren"
"1803","Lampung Selatan","Kabupaten","Kabupaten_1",2018,2020,3,2,76.48,79.23,2.75,1.375,1.60513239329345,0,0.240000000000009,2.50999999999999,"eksploratif_bersyarat"
"1803","Lampung Selatan","Kabupaten","Kabupaten_2",2021,2021,1,0,79.66,79.66,,,,,,,"satu_titik_tanpa_tren"
"1803","Lampung Selatan","Kabupaten","Kabupaten_3",2022,2023,2,1,81.81,85.46,3.64999999999999,3.64999999999999,,0,3.64999999999999,3.64999999999999,"eksploratif_bersyarat"
"1803","Lampung Selatan","Kabupaten","Kabupaten_4",2024,2024,1,0,84.46,84.46,,,,,,,"satu_titik_tanpa_tren"
"1804","Lampung Timur","Kabupaten","Kabupaten_1",2018,2020,3,2,77.43,79.5,2.06999999999999,1.035,1.53442171517482,1,-0.0500000000000114,2.12,"eksploratif_bersyarat"
"1804","Lampung Timur","Kabupaten","Kabupaten_2",2021,2021,1,0,81.2,81.2,,,,,,,"satu_titik_tanpa_tren"
"1804","Lampung Timur","Kabupaten","Kabupaten_3",2022,2023,2,1,82.78,83.55,0.769999999999996,0.769999999999996,,0,0.769999999999996,0.769999999999996,"eksploratif_bersyarat"
"1804","Lampung Timur","Kabupaten","Kabupaten_4",2024,2024,1,0,85.22,85.22,,,,,,,"satu_titik_tanpa_tren"
"1805","Lampung Tengah","Kabupaten","Kabupaten_1",2018,2020,3,2,75.43,79.83,4.39999999999999,2.2,1.76776695296636,0,0.950000000000003,3.44999999999999,"eksploratif_bersyarat"
"1805","Lampung Tengah","Kabupaten","Kabupaten_2",2021,2021,1,0,80.16,80.16,,,,,,,"satu_titik_tanpa_tren"
"1805","Lampung Tengah","Kabupaten","Kabupaten_3",2022,2023,2,1,81.07,84.55,3.48,3.48,,0,3.48,3.48,"eksploratif_bersyarat"
"1805","Lampung Tengah","Kabupaten","Kabupaten_4",2024,2024,1,0,84.93,84.93,,,,,,,"satu_titik_tanpa_tren"
"1806","Lampung Utara","Kabupaten","Kabupaten_1",2018,2020,3,2,72.18,71.51,-0.670000000000002,-0.335000000000001,0.700035713374698,1,-0.830000000000013,0.160000000000011,"eksploratif_bersyarat"
"1806","Lampung Utara","Kabupaten","Kabupaten_2",2021,2021,1,0,73,73,,,,,,,"satu_titik_tanpa_tren"
"1806","Lampung Utara","Kabupaten","Kabupaten_3",2022,2023,2,1,75,74.94,-0.0600000000000023,-0.0600000000000023,,1,-0.0600000000000023,-0.0600000000000023,"eksploratif_bersyarat"
"1806","Lampung Utara","Kabupaten","Kabupaten_4",2024,2024,1,0,76.82,76.82,,,,,,,"satu_titik_tanpa_tren"
"1807","Way Kanan","Kabupaten","Kabupaten_1",2018,2020,3,2,73.63,73.34,-0.289999999999992,-0.144999999999996,1.57684812204599,1,-1.25999999999999,0.969999999999999,"eksploratif_bersyarat"
"1807","Way Kanan","Kabupaten","Kabupaten_2",2021,2021,1,0,74.96,74.96,,,,,,,"satu_titik_tanpa_tren"
"1807","Way Kanan","Kabupaten","Kabupaten_3",2022,2023,2,1,78.34,79.31,0.969999999999999,0.969999999999999,,0,0.969999999999999,0.969999999999999,"eksploratif_bersyarat"
"1807","Way Kanan","Kabupaten","Kabupaten_4",2024,2024,1,0,79.61,79.61,,,,,,,"satu_titik_tanpa_tren"
"1808","Tulang Bawang","Kabupaten","Kabupaten_1",2018,2020,3,2,78.24,82.83,4.59,2.295,2.4819448019648,0,0.539999999999992,4.05000000000001,"eksploratif_bersyarat"
"1808","Tulang Bawang","Kabupaten","Kabupaten_2",2021,2021,1,0,84.58,84.58,,,,,,,"satu_titik_tanpa_tren"
"1808","Tulang Bawang","Kabupaten","Kabupaten_3",2022,2023,2,1,86.25,87.51,1.26000000000001,1.26000000000001,,0,1.26000000000001,1.26000000000001,"eksploratif_bersyarat"
"1808","Tulang Bawang","Kabupaten","Kabupaten_4",2024,2024,1,0,88.78,88.78,,,,,,,"satu_titik_tanpa_tren"
"1809","Pesawaran","Kabupaten","Kabupaten_1",2018,2020,3,2,72.54,80.15,7.61,3.805,0.558614357137357,0,3.41000000000001,4.19999999999999,"eksploratif_bersyarat"
"1809","Pesawaran","Kabupaten","Kabupaten_2",2021,2021,1,0,78.96,78.96,,,,,,,"satu_titik_tanpa_tren"
"1809","Pesawaran","Kabupaten","Kabupaten_3",2022,2023,2,1,77.86,77.89,0.0300000000000011,0.0300000000000011,,0,0.0300000000000011,0.0300000000000011,"eksploratif_bersyarat"
"1809","Pesawaran","Kabupaten","Kabupaten_4",2024,2024,1,0,80.85,80.85,,,,,,,"satu_titik_tanpa_tren"
"1810","Pringsewu","Kabupaten","Kabupaten_1",2018,2020,3,2,78.48,83.79,5.31,2.655,2.82135605693431,0,0.660000000000011,4.64999999999999,"eksploratif_bersyarat"
"1810","Pringsewu","Kabupaten","Kabupaten_2",2021,2021,1,0,84.05,84.05,,,,,,,"satu_titik_tanpa_tren"
"1810","Pringsewu","Kabupaten","Kabupaten_3",2022,2023,2,1,84.14,87.38,3.23999999999999,3.23999999999999,,0,3.23999999999999,3.23999999999999,"eksploratif_bersyarat"
"1810","Pringsewu","Kabupaten","Kabupaten_4",2024,2024,1,0,87.35,87.35,,,,,,,"satu_titik_tanpa_tren"
"1811","Mesuji","Kabupaten","Kabupaten_1",2018,2020,3,2,80.82,83.66,2.84,1.42,0.650538238691615,0,0.960000000000008,1.88,"eksploratif_bersyarat"
"1811","Mesuji","Kabupaten","Kabupaten_2",2021,2021,1,0,85.6,85.6,,,,,,,"satu_titik_tanpa_tren"
"1811","Mesuji","Kabupaten","Kabupaten_3",2022,2023,2,1,85.62,86.21,0.589999999999989,0.589999999999989,,0,0.589999999999989,0.589999999999989,"eksploratif_bersyarat"
"1811","Mesuji","Kabupaten","Kabupaten_4",2024,2024,1,0,88.18,88.18,,,,,,,"satu_titik_tanpa_tren"
"1812","Tulang Bawang Barat","Kabupaten","Kabupaten_1",2018,2020,3,2,80.7,77.58,-3.12,-1.56,0.197989898732234,2,-1.7,-1.42,"eksploratif_bersyarat"
"1812","Tulang Bawang Barat","Kabupaten","Kabupaten_2",2021,2021,1,0,78.58,78.58,,,,,,,"satu_titik_tanpa_tren"
"1812","Tulang Bawang Barat","Kabupaten","Kabupaten_3",2022,2023,2,1,79.84,83.59,3.75,3.75,,0,3.75,3.75,"eksploratif_bersyarat"
"1812","Tulang Bawang Barat","Kabupaten","Kabupaten_4",2024,2024,1,0,83.74,83.74,,,,,,,"satu_titik_tanpa_tren"
"1813","Pesisir Barat","Kabupaten","Kabupaten_1",2018,2020,3,2,67.99,72.93,4.94000000000001,2.47000000000001,2.14960461480711,0,0.950000000000003,3.99000000000001,"eksploratif_bersyarat"
"1813","Pesisir Barat","Kabupaten","Kabupaten_2",2021,2021,1,0,71.6,71.6,,,,,,,"satu_titik_tanpa_tren"
"1813","Pesisir Barat","Kabupaten","Kabupaten_3",2022,2023,2,1,71.71,76.32,4.61,4.61,,0,4.61,4.61,"eksploratif_bersyarat"
"1813","Pesisir Barat","Kabupaten","Kabupaten_4",2024,2024,1,0,75.77,75.77,,,,,,,"satu_titik_tanpa_tren"
"1871","Kota Bandar Lampung","Kota","Kota_1",2018,2024,7,6,68.93,84.64,15.71,2.61833333333333,4.26734304534645,2,-1.86999999999999,9.96000000000001,"eksploratif_bersyarat"
"1872","Kota Metro","Kota","Kota_1",2018,2024,7,6,65.98,85.78,19.8,3.3,5.57113991926248,2,-3.39,10.31,"eksploratif_bersyarat"
