"file","md5"
"R/timeseries/analysis.R","e6c5aa623027fd1381c76ac614a3b834"
"R/timeseries/checks.R","4ac85830a58aea0580d4fbd762f2ded8"
"R/timeseries/environment.R","071df336305413917d4b1406c845e942"
"R/timeseries/methodology.R","27aae34bc8f0bb140020180a90f7758e"
"R/timeseries/plots.R","163f69e8fbc1dfda4e8c40fc612b200c"
"R/timeseries/reconciliation.R","af154c7216286ee2e7e0c2947ba02087"
"R/timeseries/report.R","50c52a7b8f7b1ef9faaa09559da93901"
"R/timeseries/run.R","185f5a98cdad6c2816ea72ccf72c0ad1"
"R/timeseries/setup.R","6f72b8e311860694b912cdf197493620"
