"kode","kabupaten","tahun","ikp","pdrb","ipm","kemiskinan","produksi_padi","ln_pdrb","ln_padi","covid"
"1801","Lampung Barat",2018,70.76,15759,66.74,13.54,81355,9.66516690962207,11.3065775735734,0
"1801","Lampung Barat",2019,74.62,16440,67.5,12.92,59142.33,9.70747266861017,10.9877021906689,0
"1801","Lampung Barat",2020,74.02,16312,67.8,12.52,57093.19,9.69965631225429,10.9524401240832,1
"1801","Lampung Barat",2021,70.8,16554,67.9,12.82,60665.89,9.71438304344534,11.0131368751111,1
"1801","Lampung Barat",2022,74.34,17021,68.39,11.71,62802.09,9.74220315480797,11.0477436321573,0
"1801","Lampung Barat",2023,75.39,17613,69.11,11.17,70922.62,9.7763925447323,11.1693447025402,0
"1801","Lampung Barat",2024,76.18,18178,69.84,10.68,63045.97,9.80796735067872,11.0516194218245,0
"1802","Tanggamus",2018,71.96,17469,65.67,12.48,155711.37,9.76818316050523,11.9557593802041,0
"1802","Tanggamus",2019,76.55,18155,66.37,12.05,121750.98,9.80670128384844,11.7097330901938,0
"1802","Tanggamus",2020,76.67,16725,66.42,11.68,148158.63,9.72465988499643,11.906038803077,1
"1802","Tanggamus",2021,75.34,16905,66.65,11.81,123414.48,9.73536471514199,11.7233037255467,1
"1802","Tanggamus",2022,73.6,17392,67.22,10.98,128674.92,9.76376560936099,11.7650445027994,0
"1802","Tanggamus",2023,74.19,17991,67.86,10.52,147163.03,9.79762691183662,11.8992962988409,0
"1802","Tanggamus",2024,76.4,18494,68.52,10.28,135017.18,9.82520163413758,11.8131573085831,0
"1803","Lampung Selatan",2018,76.48,28726,67.68,14.86,268374.79,10.2655579149918,12.5001397526936,0
"1803","Lampung Selatan",2019,78.99,29891,68.22,14.31,265878.24,10.3053127107237,12.490793738606,0
"1803","Lampung Selatan",2020,79.23,28005,68.36,14.08,311668.77,10.2401383446439,12.649696268243,1
"1803","Lampung Selatan",2021,79.66,28369,68.49,14.19,330325.73,10.2530522786797,12.7078345072247,1
"1803","Lampung Selatan",2022,81.81,29333,69,13.14,339941.87,10.2864684410913,12.736529911387,0
"1803","Lampung Selatan",2023,85.46,30343,69.63,12.79,294548.78,10.3203211273815,12.5931999050299,0
"1803","Lampung Selatan",2024,84.46,31338,70.28,12.57,317834.2,10.3525866976644,12.6692851421468,0
"1804","Lampung Timur",2018,77.43,27522,69.04,15.76,441855.33,10.2227409638252,12.9987377997907,0
"1804","Lampung Timur",2019,77.38,28314,69.34,15.24,355113.03,10.2511116609544,12.780191412147,0
"1804","Lampung Timur",2020,79.5,26112,69.37,14.62,459300.61,10.1701502577638,13.037460198421,1
"1804","Lampung Timur",2021,81.2,25907,69.66,15.08,397374.49,10.1622684814415,12.8926344147898,1
"1804","Lampung Timur",2022,82.78,26157,70.58,13.98,449294.9,10.1718721200959,13.0154347440034,0
"1804","Lampung Timur",2023,83.55,26804,71.21,13.8,475668.41,10.1963064090931,13.0724762728157,0
"1804","Lampung Timur",2024,85.22,27770,71.84,13.19,482716.29,10.2317115803008,13.0871843687485,0
"1805","Lampung Tengah",2018,75.43,35709,69.73,12.62,525372.11,10.483158036836,13.1718620714596,0
"1805","Lampung Tengah",2019,78.88,37296,70.04,12.03,455234.05,10.5266413612755,13.0285669612814,0
"1805","Lampung Tengah",2020,79.83,32552,70.16,11.82,599111.2,10.3905940896815,13.303202502606,1
"1805","Lampung Tengah",2021,80.16,33053,70.23,11.99,489447.65,10.4058676127186,13.1010327893705,1
"1805","Lampung Tengah",2022,81.07,34183,70.8,10.96,566601.47,10.4394837234441,13.2474114607981,0
"1805","Lampung Tengah",2023,84.55,35381,71.6,10.65,608009.47,10.4739302318706,13.3179457364849,0
"1805","Lampung Tengah",2024,84.93,36608,72.37,10.37,614016.7,10.5080220747395,13.3277774054565,0
"1806","Lampung Utara",2018,72.18,25496,67.17,20.85,83364.18,10.1462768560972,11.330973999684,0
"1806","Lampung Utara",2019,71.35,26735,67.63,19.9,61822.68,10.1937288473828,11.0320255664126,0
"1806","Lampung Utara",2020,71.51,25765,67.67,19.3,75751.91,10.1567722607623,11.2352189375752,1
"1806","Lampung Utara",2021,73,26082,67.89,19.63,74260.22,10.1690007002168,11.2153306902906,1
"1806","Lampung Utara",2022,75,26645,68.33,18.41,63452.76,10.1903567947309,11.0580509710145,0
"1806","Lampung Utara",2023,74.94,27507,68.95,17.17,72390.72,10.222195796718,11.1898333933629,0
"1806","Lampung Utara",2024,76.82,28372,69.62,16.92,63178.9,10.253158022322,11.0537256636315,0
"1807","Way Kanan",2018,73.63,20405,66.63,13.52,95255.86,9.92353524783991,11.4643218134062,0
"1807","Way Kanan",2019,72.37,21243,67.19,13.07,59419.44,9.96378270831988,10.992376724536,0
"1807","Way Kanan",2020,73.34,20023,67.44,12.9,78824.55,9.90463689179265,11.2749797755482,1
"1807","Way Kanan",2021,74.96,20348,67.57,13.09,82234.55,9.92073790594266,11.3173308090378,1
"1807","Way Kanan",2022,78.34,20966,68.04,11.76,100985.27,9.95065735701252,11.5227299436033,0
"1807","Way Kanan",2023,79.31,21657,68.63,11.02,84631.42,9.98308400680727,11.3460608714434,0
"1807","Way Kanan",2024,79.61,22383,69.31,10.43,95711.27,10.0160570211396,11.4690913343528,0
"1808","Tulang Bawang",2018,78.24,33680,67.7,9.7,194593.04,10.4246594683563,12.1786656824213,0
"1808","Tulang Bawang",2019,82.29,35041,68.23,9.35,217894.34,10.4642740834559,12.2917655453774,0
"1808","Tulang Bawang",2020,82.83,36320,68.52,9.33,215987.34,10.5001238327152,12.2829750738375,1
"1808","Tulang Bawang",2021,84.58,36975,68.73,9.67,232508.52,10.517997287579,12.3566821484994,1
"1808","Tulang Bawang",2022,86.25,37933,69.53,8.42,268323.74,10.5435767246214,12.4999495155407,0
"1808","Tulang Bawang",2023,87.51,39086,70.02,8.04,319193.91,10.57351962559,12.6735540654284,0
"1808","Tulang Bawang",2024,88.78,40472,70.66,7.88,375139.71,10.6083656559718,12.8350537955693,0
"1809","Pesawaran",2018,72.54,24669,64.97,15.97,134478.34,10.113302673639,11.8091584241634,0
"1809","Pesawaran",2019,76.74,25630,65.75,15.19,111281.36,10.1515188193581,11.6198170479461,0
"1809","Pesawaran",2020,80.15,23645,65.79,14.76,113206.52,10.070906955078,11.6369690402657,1
"1809","Pesawaran",2021,78.96,23842,66.14,15.11,113402.71,10.0792040102779,11.6387005676975,1
"1809","Pesawaran",2022,77.86,24614,66.7,13.85,130558.89,10.1110706657323,11.7795796683236,0
"1809","Pesawaran",2023,77.89,25403,67.67,12.89,121692.61,10.1426225562684,11.7092535540423,0
"1809","Pesawaran",2024,80.85,26074,68.52,11.86,115934.28,10.1686939282227,11.6607787578133,0
"1810","Pringsewu",2018,78.48,18555,69.42,10.5,141246.17,9.8284945734947,11.8582595335968,0
"1810","Pringsewu",2019,83.13,19326,69.97,10.15,112699.15,9.86920661855925,11.6324771578521,0
"1810","Pringsewu",2020,83.79,18878,70.3,9.97,130867.36,9.84575250188489,11.7819395701556,1
"1810","Pringsewu",2021,84.05,19226,70.45,10.11,122185.57,9.86401880862576,11.7132962336407,1
"1810","Pringsewu",2022,84.14,19818,70.98,9.34,137096.53,9.89434589461884,11.8284405552374,0
"1810","Pringsewu",2023,87.38,20513,71.61,9.14,128637.72,9.92881411048214,11.7647553603751,0
"1810","Pringsewu",2024,87.35,21195,72.29,8.32,143902.58,9.96152058378674,11.8768918218322,0
"1811","Mesuji",2018,80.82,33417,62.88,7.55,228265.9,10.4168200315133,12.3382664564911,0
"1811","Mesuji",2019,81.78,34954,63.52,7.47,246840.77,10.4617881903263,12.4164987518597,0
"1811","Mesuji",2020,83.66,30471,63.63,7.33,325509.23,10.3245306906076,12.6931460966035,1
"1811","Mesuji",2021,85.6,30845,64.04,7.54,336767.8,10.3367299416437,12.7271489510791,1
"1811","Mesuji",2022,85.62,31408,64.94,6.84,296934.72,10.3548179165162,12.6012675956459,0
"1811","Mesuji",2023,86.21,32168,65.64,6.73,296526.82,10.3787274485771,12.5998929486411,0
"1811","Mesuji",2024,88.18,33131,66.46,6.31,271572.19,10.4082246789616,12.5119832761988,0
"1812","Tulang Bawang Barat",2018,80.7,27474,65.3,8.1,43391.57,10.2209953818852,10.6780204615902,0
"1812","Tulang Bawang Barat",2019,79.28,28713,65.93,7.75,30670.11,10.265105260864,10.3310438436685,0
"1812","Tulang Bawang Barat",2020,77.58,27116,65.97,7.39,30361.02,10.2078792385509,10.3209148277832,1
"1812","Tulang Bawang Barat",2021,78.58,27610,66.22,8.32,33802.34,10.2259333049242,10.428285309844,1
"1812","Tulang Bawang Barat",2022,79.84,28508,67.13,7.44,50700.33,10.2579400286218,10.8336876984338,0
"1812","Tulang Bawang Barat",2023,83.59,29464,67.81,7.25,45954.48,10.2909244581249,10.7354066203109,0
"1812","Tulang Bawang Barat",2024,83.74,30471,68.46,7.22,29538.83,10.3245306906076,10.2934609479889,0
"1813","Pesisir Barat",2018,67.99,19155,62.96,14.98,67393.77,9.86031905713475,11.1183078593938,0
"1813","Pesisir Barat",2019,71.98,20043,63.79,14.48,50951.25,9.90563524459359,10.8386245722066,0
"1813","Pesisir Barat",2020,72.93,18899,63.91,14.29,60273.6,9.84686428959504,11.0066494759028,1
"1813","Pesisir Barat",2021,71.6,19031,64.3,14.81,62295.74,9.85382450751703,11.0396483236254,1
"1813","Pesisir Barat",2022,71.71,19266,65.14,13.84,60772.93,9.86609716331757,11.0148997385467,0
"1813","Pesisir Barat",2023,76.32,19625,66,13.49,60121.34,9.88455954265061,11.0041201323743,0
"1813","Pesisir Barat",2024,75.77,19840,66.73,12.64,51619.38,9.89545538083886,10.851652462352,0
"1871","Kota Bandar Lampung",2018,68.93,35872,76.63,9.04,2794.74,10.4877123258719,7.93549435800645,0
"1871","Kota Bandar Lampung",2019,73.49,37387,77.33,8.71,2318.24,10.5290783293951,7.74856355607241,0
"1871","Kota Bandar Lampung",2020,71.62,33366,77.44,8.81,2506.64,10.4152926964156,7.82669848992132,1
"1871","Kota Bandar Lampung",2021,74.17,33863,77.58,9.11,2561.57,10.4300782518805,7.84837563074352,1
"1871","Kota Bandar Lampung",2022,73.41,35142,78.01,8.21,2721.97,10.4671522753178,7.90911116184281,0
"1871","Kota Bandar Lampung",2023,83.37,36497,78.56,7.77,2444.11,10.5049853444118,7.80143632746195,0
"1871","Kota Bandar Lampung",2024,84.64,37927,79.19,7.37,2716.27,10.5434185384887,7.90701489463603,0
"1872","Kota Metro",2018,65.98,24727,76.22,9.14,25189.74,10.1156510430072,10.1341920477372,0
"1872","Kota Metro",2019,75.85,25709,76.77,8.68,13073.36,10.154596404132,9.47833185085577,0
"1872","Kota Metro",2020,76.76,25157,77.19,8.47,41669.07,10.1328914668212,10.6375144059529,1
"1872","Kota Metro",2021,76.74,25619,77.49,8.93,24205.52,10.1510895426827,10.0943359853077,1
"1872","Kota Metro",2022,73.35,26481,77.89,7.87,29297.35,10.1841827736883,10.2852523472289,0
"1872","Kota Metro",2023,83.66,27468,78.36,7.28,29992.775,10.2207769697406,10.308711798306,0
"1872","Kota Metro",2024,85.78,28507,78.93,6.78,29403.78,10.2579049501336,10.2888785164907,0
